{
  "FilterHeaders": [
    {
      "Header": "x-requested-with",
      "IncludeInScript": true
    },
    {
      "Header": "x-goog-api-key",
      "IncludeInScript": true
    },
    {
      "Header": "user-agent",
      "IncludeInScript": false
    },
    {
      "Header": "upgrade-insecure-requests",
      "IncludeInScript": true
    },
    {
      "Header": "sec-fetch-user",
      "IncludeInScript": true
    },
    {
      "Header": "sec-fetch-site",
      "IncludeInScript": true
    },
    {
      "Header": "sec-fetch-mode",
      "IncludeInScript": true
    },
    {
      "Header": "origin",
      "IncludeInScript": true
    },
    {
      "Header": "if-none-match",
      "IncludeInScript": false
    },
    {
      "Header": "cache-control",
      "IncludeInScript": false
    },
    {
      "Header": "accept-language",
      "IncludeInScript": false
    },
    {
      "Header": "accept-encoding",
      "IncludeInScript": false
    },
    {
      "Header": "accept",
      "IncludeInScript": false
    },
    {
      "Header": "a-im",
      "IncludeInScript": true
    }
  ],
  "FilterResources": [
    {
      "IsNonResource": false,
      "type": "text/proto"
    },
    {
      "IsNonResource": true,
      "type": "text/html"
    },
    {
      "IsNonResource": false,
      "type": "text/css"
    },
    {
      "IsNonResource": false,
      "type": "image/png"
    },
    {
      "IsNonResource": false,
      "type": "image/jpeg"
    },
    {
      "IsNonResource": false,
      "type": "font/woff2"
    },
    {
      "IsNonResource": false,
      "type": "application/x-gzip"
    },
    {
      "IsNonResource": false,
      "type": "application/octet-stream"
    },
    {
      "IsNonResource": true,
      "type": "application/json"
    },
    {
      "IsNonResource": false,
      "type": "application/javascript"
    }
  ],
  "GeneralInfo": {
    "BrowserVersion": "",
    "IsWinInetMode": false,
    "MaxUsedConnections": 15,
    "RecordedBrowser": "Chrome",
    "RecordingDate": "Jan-15-2020",
    "RecordingDuration": 51203,
    "RecordingMode": "N/A",
    "RecordingTimeStamp": 1579063524,
    "RecordingType": "Browser",
    "TotalBytesReceived": 683765,
    "TotalBytesSent": 30414,
    "TotalRequests": 53,
    "UserAgent": "Mozilla/5.0 (Windows NT 10.0; Win64; x64) AppleWebKit/537.36 (KHTML, like Gecko) Chrome/79.0.3945.117 Safari/537.36"
  },
  "HostInfo": [
    {
      "DomainName": "opencart.com",
      "Domains": [
        {
          "HTTPVersion": "HTTP/1.1",
          "IP": "104.20.14.19",
          "IncludeInScript": true,
          "Name": "demo.opencart.com",
          "Port": 80,
          "Requests": [
            {
              "CompressionType": "",
              "DataType": "text/html",
              "DownloadTime": 562,
              "EventId": 44,
              "HttpStatus": 301,
              "Size": 234,
              "URL": "http://demo.opencart.com/"
            }
          ],
          "SSLCipher": "None",
          "SSLVersion": "None"
        },
        {
          "HTTPVersion": "HTTP/1.1",
          "IP": "104.20.14.19",
          "IncludeInScript": true,
          "Name": "demo.opencart.com",
          "Port": 443,
          "Requests": [
            {
              "CompressionType": "",
              "DataType": "image/jpeg",
              "DownloadTime": 47,
              "EventId": 624,
              "HttpStatus": 200,
              "Size": 885,
              "URL": "https://demo.opencart.com/image/cache/catalog/demo/macbook_1-47x47.jpg"
            },
            {
              "CompressionType": "gzip",
              "DataType": "text/html",
              "DownloadTime": 1312,
              "EventId": 620,
              "HttpStatus": 200,
              "Size": 581,
              "URL": "https://demo.opencart.com/index.php?route=common/cart/info"
            },
            {
              "CompressionType": "gzip",
              "DataType": "application/json",
              "DownloadTime": 1312,
              "EventId": 616,
              "HttpStatus": 200,
              "Size": 203,
              "URL": "https://demo.opencart.com/index.php?route=checkout/cart/add"
            },
            {
              "CompressionType": "",
              "DataType": "image/jpeg",
              "DownloadTime": 47,
              "EventId": 601,
              "HttpStatus": 200,
              "Size": 7694,
              "URL": "https://demo.opencart.com/image/cache/catalog/demo/sony_vaio_1-228x228.jpg"
            },
            {
              "CompressionType": "",
              "DataType": "image/jpeg",
              "DownloadTime": 78,
              "EventId": 595,
              "HttpStatus": 200,
              "Size": 6286,
              "URL": "https://demo.opencart.com/image/cache/catalog/demo/macbook_1-228x228.jpg"
            },
            {
              "CompressionType": "",
              "DataType": "image/jpeg",
              "DownloadTime": 62,
              "EventId": 593,
              "HttpStatus": 200,
              "Size": 7943,
              "URL": "https://demo.opencart.com/image/cache/catalog/demo/hp_1-228x228.jpg"
            },
            {
              "CompressionType": "",
              "DataType": "image/jpeg",
              "DownloadTime": 47,
              "EventId": 590,
              "HttpStatus": 200,
              "Size": 8621,
              "URL": "https://demo.opencart.com/image/cache/catalog/demo/macbook_pro_1-228x228.jpg"
            },
            {
              "CompressionType": "",
              "DataType": "image/jpeg",
              "DownloadTime": 62,
              "EventId": 588,
              "HttpStatus": 200,
              "Size": 1762,
              "URL": "https://demo.opencart.com/image/cache/catalog/demo/hp_2-80x80.jpg"
            },
            {
              "CompressionType": "",
              "DataType": "image/jpeg",
              "DownloadTime": 31,
              "EventId": 586,
              "HttpStatus": 200,
              "Size": 6841,
              "URL": "https://demo.opencart.com/image/cache/catalog/demo/macbook_air_1-228x228.jpg"
            },
            {
              "CompressionType": "",
              "DataType": "image/jpeg",
              "DownloadTime": 31,
              "EventId": 583,
              "HttpStatus": 200,
              "Size": 4788,
              "URL": "https://demo.opencart.com/image/cache/catalog/demo/compaq_presario-182x182.jpg"
            },
            {
              "CompressionType": "gzip",
              "DataType": "text/html",
              "DownloadTime": 1422,
              "EventId": 577,
              "HttpStatus": 200,
              "Size": 4387,
              "URL": "https://demo.opencart.com/index.php?route=product/category&path=18"
            },
            {
              "CompressionType": "gzip",
              "DataType": "text/html",
              "DownloadTime": 1359,
              "EventId": 573,
              "HttpStatus": 200,
              "Size": 2789,
              "URL": "https://demo.opencart.com/index.php?route=account/account"
            },
            {
              "CompressionType": "",
              "DataType": "text/html",
              "DownloadTime": 1468,
              "EventId": 570,
              "HttpStatus": 302,
              "Size": 0,
              "URL": "https://demo.opencart.com/index.php?route=account/login"
            },
            {
              "CompressionType": "gzip",
              "DataType": "text/html",
              "DownloadTime": 1313,
              "EventId": 559,
              "HttpStatus": 200,
              "Size": 2896,
              "URL": "https://demo.opencart.com/index.php?route=account/login"
            },
            {
              "CompressionType": "",
              "DataType": "font/woff2",
              "DownloadTime": 31,
              "EventId": 476,
              "HttpStatus": 200,
              "Size": 77160,
              "URL": "https://demo.opencart.com/catalog/view/javascript/font-awesome/fonts/fontawesome-webfont.woff2?v=4.7.0"
            },
            {
              "CompressionType": "",
              "DataType": "image/png",
              "DownloadTime": 46,
              "EventId": 465,
              "HttpStatus": 200,
              "Size": 3423,
              "URL": "https://demo.opencart.com/image/cache/catalog/demo/manufacturer/nintendo-130x100.png"
            },
            {
              "CompressionType": "",
              "DataType": "image/png",
              "DownloadTime": 46,
              "EventId": 462,
              "HttpStatus": 200,
              "Size": 12781,
              "URL": "https://demo.opencart.com/image/cache/catalog/demo/manufacturer/starbucks-130x100.png"
            },
            {
              "CompressionType": "",
              "DataType": "image/png",
              "DownloadTime": 78,
              "EventId": 444,
              "HttpStatus": 200,
              "Size": 3151,
              "URL": "https://demo.opencart.com/image/cache/catalog/demo/manufacturer/dell-130x100.png"
            },
            {
              "CompressionType": "",
              "DataType": "image/png",
              "DownloadTime": 62,
              "EventId": 437,
              "HttpStatus": 200,
              "Size": 2612,
              "URL": "https://demo.opencart.com/image/cache/catalog/demo/manufacturer/canon-130x100.png"
            },
            {
              "CompressionType": "",
              "DataType": "image/png",
              "DownloadTime": 47,
              "EventId": 435,
              "HttpStatus": 200,
              "Size": 1633,
              "URL": "https://demo.opencart.com/image/cache/catalog/demo/manufacturer/disney-130x100.png"
            },
            {
              "CompressionType": "",
              "DataType": "image/png",
              "DownloadTime": 47,
              "EventId": 432,
              "HttpStatus": 200,
              "Size": 12007,
              "URL": "https://demo.opencart.com/image/cache/catalog/demo/manufacturer/harley-130x100.png"
            },
            {
              "CompressionType": "",
              "DataType": "image/png",
              "DownloadTime": 47,
              "EventId": 429,
              "HttpStatus": 200,
              "Size": 13792,
              "URL": "https://demo.opencart.com/image/cache/catalog/demo/manufacturer/burgerking-130x100.png"
            },
            {
              "CompressionType": "",
              "DataType": "image/png",
              "DownloadTime": 32,
              "EventId": 425,
              "HttpStatus": 200,
              "Size": 8014,
              "URL": "https://demo.opencart.com/image/cache/catalog/demo/manufacturer/cocacola-130x100.png"
            },
            {
              "CompressionType": "",
              "DataType": "image/png",
              "DownloadTime": 63,
              "EventId": 405,
              "HttpStatus": 200,
              "Size": 991,
              "URL": "https://demo.opencart.com/image/cache/catalog/demo/manufacturer/sony-130x100.png"
            },
            {
              "CompressionType": "",
              "DataType": "image/png",
              "DownloadTime": 47,
              "EventId": 403,
              "HttpStatus": 200,
              "Size": 4779,
              "URL": "https://demo.opencart.com/image/cache/catalog/demo/manufacturer/redbull-130x100.png"
            },
            {
              "CompressionType": "",
              "DataType": "image/jpeg",
              "DownloadTime": 62,
              "EventId": 399,
              "HttpStatus": 200,
              "Size": 8957,
              "URL": "https://demo.opencart.com/image/cache/catalog/demo/canon_eos_5d_1-200x200.jpg"
            },
            {
              "CompressionType": "",
              "DataType": "image/png",
              "DownloadTime": 32,
              "EventId": 396,
              "HttpStatus": 200,
              "Size": 8154,
              "URL": "https://demo.opencart.com/image/cache/catalog/demo/manufacturer/nfl-130x100.png"
            },
            {
              "CompressionType": "",
              "DataType": "image/jpeg",
              "DownloadTime": 47,
              "EventId": 393,
              "HttpStatus": 200,
              "Size": 6503,
              "URL": "https://demo.opencart.com/image/cache/catalog/demo/apple_cinema_30-200x200.jpg"
            },
            {
              "CompressionType": "",
              "DataType": "image/jpeg",
              "DownloadTime": 31,
              "EventId": 389,
              "HttpStatus": 200,
              "Size": 7916,
              "URL": "https://demo.opencart.com/image/cache/catalog/demo/iphone_1-200x200.jpg"
            },
            {
              "CompressionType": "",
              "DataType": "image/jpeg",
              "DownloadTime": 31,
              "EventId": 383,
              "HttpStatus": 200,
              "Size": 5018,
              "URL": "https://demo.opencart.com/image/cache/catalog/demo/macbook_1-200x200.jpg"
            },
            {
              "CompressionType": "",
              "DataType": "image/jpeg",
              "DownloadTime": 47,
              "EventId": 324,
              "HttpStatus": 200,
              "Size": 33132,
              "URL": "https://demo.opencart.com/image/cache/catalog/demo/banners/iPhone6-1140x380.jpg"
            },
            {
              "CompressionType": "",
              "DataType": "image/jpeg",
              "DownloadTime": 31,
              "EventId": 322,
              "HttpStatus": 200,
              "Size": 128729,
              "URL": "https://demo.opencart.com/image/cache/catalog/demo/banners/MacBookAir-1140x380.jpg"
            },
            {
              "CompressionType": "gzip",
              "DataType": "application/javascript",
              "DownloadTime": 46,
              "EventId": 270,
              "HttpStatus": 200,
              "Size": 2499,
              "URL": "https://demo.opencart.com/catalog/view/javascript/common.js"
            },
            {
              "CompressionType": "gzip",
              "DataType": "application/javascript",
              "DownloadTime": 47,
              "EventId": 265,
              "HttpStatus": 200,
              "Size": 23793,
              "URL": "https://demo.opencart.com/catalog/view/javascript/jquery/swiper/js/swiper.jquery.js"
            },
            {
              "CompressionType": "gzip",
              "DataType": "application/javascript",
              "DownloadTime": 32,
              "EventId": 256,
              "HttpStatus": 200,
              "Size": 9746,
              "URL": "https://demo.opencart.com/catalog/view/javascript/bootstrap/js/bootstrap.min.js"
            },
            {
              "CompressionType": "gzip",
              "DataType": "text/css",
              "DownloadTime": 47,
              "EventId": 226,
              "HttpStatus": 200,
              "Size": 568,
              "URL": "https://demo.opencart.com/catalog/view/javascript/jquery/swiper/css/opencart.css"
            },
            {
              "CompressionType": "gzip",
              "DataType": "application/javascript",
              "DownloadTime": 47,
              "EventId": 219,
              "HttpStatus": 200,
              "Size": 29565,
              "URL": "https://demo.opencart.com/catalog/view/javascript/jquery/jquery-2.1.1.min.js"
            },
            {
              "CompressionType": "gzip",
              "DataType": "text/css",
              "DownloadTime": 63,
              "EventId": 210,
              "HttpStatus": 200,
              "Size": 2845,
              "URL": "https://demo.opencart.com/catalog/view/javascript/jquery/swiper/css/swiper.min.css"
            },
            {
              "CompressionType": "gzip",
              "DataType": "text/css",
              "DownloadTime": 47,
              "EventId": 202,
              "HttpStatus": 200,
              "Size": 2966,
              "URL": "https://demo.opencart.com/catalog/view/theme/default/stylesheet/stylesheet.css"
            },
            {
              "CompressionType": "gzip",
              "DataType": "text/css",
              "DownloadTime": 47,
              "EventId": 169,
              "HttpStatus": 200,
              "Size": 6878,
              "URL": "https://demo.opencart.com/catalog/view/javascript/font-awesome/css/font-awesome.min.css"
            },
            {
              "CompressionType": "gzip",
              "DataType": "text/css",
              "DownloadTime": 47,
              "EventId": 162,
              "HttpStatus": 200,
              "Size": 19715,
              "URL": "https://demo.opencart.com/catalog/view/javascript/bootstrap/css/bootstrap.min.css"
            },
            {
              "CompressionType": "gzip",
              "DataType": "text/html",
              "DownloadTime": 1344,
              "EventId": 74,
              "HttpStatus": 200,
              "Size": 3642,
              "URL": "https://demo.opencart.com/"
            }
          ],
          "SSLCipher": "ECDHE-RSA-AES128-GCM-SHA256",
          "SSLVersion": "TLS1.2"
        }
      ],
      "IncludeInScript": true
    },
    {
      "DomainName": "gstatic.com",
      "Domains": [
        {
          "HTTPVersion": "HTTP/1.1",
          "IP": "172.217.166.163",
          "IncludeInScript": true,
          "Name": "www.gstatic.com",
          "Port": 443,
          "Requests": [
            {
              "CompressionType": "gzip",
              "DataType": "application/json",
              "DownloadTime": 31,
              "EventId": 48,
              "HttpStatus": 200,
              "Size": 76,
              "URL": "https://www.gstatic.com/autofill/hourly/bins.json"
            },
            {
              "CompressionType": "gzip",
              "DataType": "application/json",
              "DownloadTime": 31,
              "EventId": 46,
              "HttpStatus": 200,
              "Size": 82,
              "URL": "https://www.gstatic.com/autofill/weekly/merchants.json"
            }
          ],
          "SSLCipher": "ECDHE-ECDSA-AES128-GCM-SHA256",
          "SSLVersion": "TLS1.2"
        },
        {
          "HTTPVersion": "HTTP/1.1",
          "IP": "216.58.203.163",
          "IncludeInScript": true,
          "Name": "ssl.gstatic.com",
          "Port": 443,
          "Requests": [
            {
              "CompressionType": "",
              "DataType": "application/octet-stream",
              "DownloadTime": 16,
              "EventId": 157,
              "HttpStatus": 200,
              "Size": 77948,
              "URL": "https://ssl.gstatic.com/safebrowsing/csd/client_model_v5_variation_0.pb"
            },
            {
              "CompressionType": "",
              "DataType": "application/octet-stream",
              "DownloadTime": 31,
              "EventId": 77,
              "HttpStatus": 200,
              "Size": 77948,
              "URL": "https://ssl.gstatic.com/safebrowsing/csd/client_model_v5_ext_variation_0.pb"
            }
          ],
          "SSLCipher": "",
          "SSLVersion": ""
        },
        {
          "HTTPVersion": "HTTP/1.1",
          "IP": "172.217.160.163",
          "IncludeInScript": true,
          "Name": "fonts.gstatic.com",
          "Port": 443,
          "Requests": [
            {
              "CompressionType": "",
              "DataType": "font/woff2",
              "DownloadTime": 16,
              "EventId": 517,
              "HttpStatus": 200,
              "Size": 14380,
              "URL": "https://fonts.gstatic.com/s/opensans/v17/mem8YaGs126MiZpBA-UFVZ0b.woff2"
            },
            {
              "CompressionType": "",
              "DataType": "font/woff2",
              "DownloadTime": 16,
              "EventId": 514,
              "HttpStatus": 200,
              "Size": 15056,
              "URL": "https://fonts.gstatic.com/s/opensans/v17/mem5YaGs126MiZpBA-UN7rgOUuhp.woff2"
            }
          ],
          "SSLCipher": "ECDHE-ECDSA-AES128-GCM-SHA256",
          "SSLVersion": "TLS1.2"
        }
      ],
      "IncludeInScript": true
    },
    {
      "DomainName": "googleapis.com",
      "Domains": [
        {
          "HTTPVersion": "HTTP/1.1",
          "IP": "172.217.160.170",
          "IncludeInScript": true,
          "Name": "fonts.googleapis.com",
          "Port": 443,
          "Requests": [
            {
              "CompressionType": "br",
              "DataType": "text/css",
              "DownloadTime": 109,
              "EventId": 345,
              "HttpStatus": 200,
              "Size": 675,
              "URL": "https://fonts.googleapis.com/css?family=Open+Sans:400,400i,300,700"
            }
          ],
          "SSLCipher": "ECDHE-ECDSA-AES128-GCM-SHA256",
          "SSLVersion": "TLS1.2"
        },
        {
          "HTTPVersion": "HTTP/1.1",
          "IP": "172.217.26.227",
          "IncludeInScript": true,
          "Name": "clientservices.googleapis.com",
          "Port": 443,
          "Requests": [
            {
              "CompressionType": "",
              "DataType": "application/x-gzip",
              "DownloadTime": 235,
              "EventId": 64,
              "HttpStatus": 200,
              "Size": 655,
              "URL": "https://clientservices.googleapis.com/chrome-variations/seed?osname=win&channel=stable&milestone=79"
            }
          ],
          "SSLCipher": "ECDHE-ECDSA-AES128-GCM-SHA256",
          "SSLVersion": "TLS1.2"
        }
      ],
      "IncludeInScript": true
    },
    {
      "DomainName": "google.com",
      "Domains": [
        {
          "HTTPVersion": "HTTP/1.1",
          "IP": "216.58.196.78",
          "IncludeInScript": true,
          "Name": "clients1.google.com",
          "Port": 443,
          "Requests": [
            {
              "CompressionType": "gzip",
              "DataType": "text/proto",
              "DownloadTime": 16,
              "EventId": 568,
              "HttpStatus": 200,
              "Size": 41,
              "URL": "https://clients1.google.com/tbproxy/af/query?q=Chc2LjEuMTcxNS4xNDQyL2VuIChHR0xMKRMZ5YRr3Z-avlkjLWdns_4kFBMZVyoHDriExaAjLXhvEhkkIy3OQUx6JBQ="
            },
            {
              "CompressionType": "gzip",
              "DataType": "text/proto",
              "DownloadTime": 32,
              "EventId": 519,
              "HttpStatus": 200,
              "Size": 25,
              "URL": "https://clients1.google.com/tbproxy/af/query?q=Chc2LjEuMTcxNS4xNDQyL2VuIChHR0xMKRMZ5YRr3Z-avlkjLWdns_4kFA=="
            }
          ],
          "SSLCipher": "ECDHE-ECDSA-AES128-GCM-SHA256",
          "SSLVersion": "TLS1.2"
        }
      ],
      "IncludeInScript": true
    }
  ],
  "WebSocket": {
    "IncludeInScript": false,
    "IsScriptIncludeWebSocket": false
  },
  "NumberOfCorrelations": 1
}